{
    "cpuAverage": -1.9773659223260034e-05,
    "memAverage": 0.03551519864468503,
    "throughput": 307.34654555258794
}