{
    "cpuAverage": 0.0003861504075946525,
    "memAverage": 0.06515171250526815
}