{
    "name": "model_LR_NF_LOAD_NWDAF_60s_1733682665_1733682774",
    "uri": "./models/model_LR_NF_LOAD_NWDAF_60s_1733682665_1733682774.pkl",
    "size": 1038,
    "figureUri": "./models/figures/figure_LR_NF_LOAD_NWDAF_60s_1733682665_1733682774.png",
    "mse": 4151.48055688693,
    "r2": -108.01664075377319,
    "mseCpu": 2.4943830077042575e-05,
    "r2Cpu": -225.37026823442315,
    "mseMem": 9.376838372564181e-05,
    "r2Mem": -7.409953308542066,
    "mseThrpt": 12454.441551948576,
    "r2Thrpt": -91.26970071835433
}