{
    "name": "model_LR_NF_LOAD_NWDAF_60s_1733529300_1733544675",
    "uri": "./models/model_LR_NF_LOAD_NWDAF_60s_1733529300_1733544675.pkl",
    "size": 1118,
    "figureUri": "./models/figures/figure_LR_NF_LOAD_NWDAF_60s_1733529300_1733544675.png",
    "mse": 11.519890672375455,
    "r2": 0.6997526188836742,
    "mseCpu": 2.7400748744953778e-08,
    "r2Cpu": 0.38528931066149774,
    "mseMem": 2.472137985638924e-07,
    "r2Mem": 0.9965828335936258,
    "mseThrpt": 34.559671742511824,
    "r2Thrpt": 0.7173857123958988
}