{
    "name": "model_RFR_NF_LOAD_AMF_60s_1731971400_1732072264",
    "uri": "models/model_RFR_NF_LOAD_AMF_60s_1731971400_1732072264.pkl",
    "size": 1715952,
    "figureUri": "models/figures/figure_RFR_NF_LOAD_AMF_60s_1731971400_1732072264.png",
    "mse": 2.399854712101553e-06,
    "r2": 0.6423387205820066,
    "mseCpu": 2.765860150030516e-08,
    "r2Cpu": 0.3919414845691904,
    "mseMem": 4.772050822702802e-06,
    "r2Mem": 0.8927359565948232
}