{
    "name": "model_RFR_NF_LOAD_AMF_60s_1731974400_1731974391",
    "uri": "models/model_RFR_NF_LOAD_AMF_60s_1731974400_1731974391.pkl",
    "size": 3312880,
    "figureUri": "models/figures/model_RFR_NF_LOAD_AMF_60s_1731974400_1731974391.png",
    "mse": 0.004002864847278462,
    "r2": 0.517597883649909,
    "mseCpu": 0.005563821775579939,
    "r2Cpu": 0.5099471519618985,
    "mseMem": 0.002441907918976984,
    "r2Mem": 0.525248615337919
}