{
    "name": "model_RFR_NF_LOAD_AMF_60s_1731787200_1731820899",
    "uri": "models/model_RFR_NF_LOAD_AMF_60s_1731787200_1731820899.pkl",
    "size": 2914432,
    "figureUri": "models/figures/model_RFR_NF_LOAD_AMF_60s_1731787200_1731820899.png",
    "mse": 2.4993286031305713e-05,
    "r2": 0.48283278415871506,
    "mseCpu": 2.272303681949519e-05,
    "r2Cpu": -0.00579913157335854,
    "mseMem": 2.7263535243116226e-05,
    "r2Mem": 0.9714646998907883
}