{
    "cpuAverage": 0.0003186033769419027,
    "memAverage": 0.056619484763707845
}